filename,chars,url_count,preview,first_urls
"""신붓감 찾습니다"", 급락하는 중국 혼인율.txt",1279,8,1. 유교 베이스 동아시아 국가답게 출산율 위기를 겪고 있는 베트남 지난 37년간 유지했던 2자녀 정책을 최근 공식 폐지 특히 성비 조절을 위해 총력을 다하는 중 https://www.insidevina.com/news/articleView.html?idxno=40077 지금처럼 남아가 훨씬 더 많이 태어나는 성비 불균형이 지속되면 중국처럼 남성들이 짝을 찾지 못하는 사태가 전국적으로 확대될 수 있다는 우려 2. 한편 이 분야에서는 억 단위 규모로 현재 진행형인 중국 결혼할 신부가 없다! 심각한 중국의 남녀 비율 https://ww,"https://www.insidevina.com/news/articleView.html?idxno=40077
https://www.youtube.com/watch?v=cnMIHpvMDZM
https://www.scmp.com/news/people-culture/gender-diversity/article/3282574/chinas-35-million-leftover-men-spark-foreign-brides-idea-tackle-gender-imbalance
https://www.thetimes.com/world/asia/article/chinese-men-russian-women-wives-marriage-03gnww7nd
https://hrcopinion.co.kr/archives/33400"
"'야근한 만큼 돈 줘라', 포괄임금 오남용방지 지침 발표.txt",2282,21,<포괄임금제 폐지?> https://www.youtube.com/watch?v=bhsdookyQm0 1. 포괄임금제 폐지로 가닥이 잡힌 듯한 이번 정부 4월 8일 발표된 고용노동부의 「공짜노동 근절을 위한포괄임금 오남용 방지 지도 지침」 https://www.moel.go.kr/news/enews/report/enewsView.do?news_seq=19208 포괄임금제란? https://www.archives.go.kr/next/newsearch/listSubjectDescription.do?id=009779&sitePage= 전체,"https://www.youtube.com/watch?v=bhsdookyQm0
https://www.moel.go.kr/news/enews/report/enewsView.do?news_seq=19208
https://www.archives.go.kr/next/newsearch/listSubjectDescription.do?id=009779&sitePage=
https://nodong.org/statement/7869149
https://www.eroun.net/news/articleView.html?idxno=77769"
관세와 가뭄으로 미국 소고기 가격 사상 최고 기록.txt,5592,46,1. 현대 기아보다 한우가 더 중요한 코리아 이번 한미 관세 협상에서 가장 이슈가 되었던 소고기 협상 https://www.korea.kr/news/policyNewsView.do?newsId=148946959 https://www.korea.kr/news/policyNewsView.do?newsId=148947120 물론 한국은 이미 미국산 소고기의 최대 수입국이지만 https://www.ngonews.kr/news/articleView.html?idxno=203849 https://www.newsis.com/view/NISX20,"https://www.korea.kr/news/policyNewsView.do?newsId=148946959
https://www.korea.kr/news/policyNewsView.do?newsId=148947120
https://www.ngonews.kr/news/articleView.html?idxno=203849
https://www.newsis.com/view/NISX20250806_0003280482
https://www.yna.co.kr/view/GYH20250731001300044?section=graphic/index"
"급증하는 전력 수요, 호황을 맞은 전력산업.txt",1407,2,"지금 유럽은 역사상 유래가 없는 수준의 폭염으로 수많은 관광지들이 운영을 중단하고 현지 주민들에게는 아예 밖으로 나오지 말라고 경고하는 수준 이러한 역대급 폭염에 이젠 진짜로 에어컨 다 깔아야 한다는 여론 속출 에어컨 없이도 잘 살 수 있다더니 이젠 다들 에어컨 까느라 난리인 유럽 이처럼 에어컨으로의 대전환을 앞두고 다들 분주한 상황 이걸 보고 ""그냥 에어컨 사서 방마다 달면 끝나는거 아님?""이라고 생각할 수 있지만 생각보다 에어컨으로의 대전환이 매우 어려운 이유가 너무 많다. ######최대 원인 중 하나는 유럽의 재생에너지 위주","https://www.theguardian.com/world/2025/jul/02/europe-heatwave-moves-east-row-france-air-conditioning?utm_source=chatgpt.com
https://www.ft.com/content/cf63b5d0-758a-45eb-93e5-40573f0ac8bf?utm_source=chatgpt.com"
"늘어나는 재정 지출, 개선안은 있나.txt",1389,11,<의무지출 100조원 시대> https://www.youtube.com/watch?v=cXrkvHVAiUg&t=1137s 1. 의무지출 100조원 시대 https://www.google.com/amp/s/www.yna.co.kr/amp/view/AKR20260425042200002 2. 연25조 기초연금을 줄이기 위한 묘수 - 노인 연령 75세 상향안 https://www.google.com/amp/s/www.yna.co.kr/amp/view/AKR20260425038600002 기획예산처 - 실버시대와 재정 https://www.,"https://www.youtube.com/watch?v=cXrkvHVAiUg&t=1137s
https://www.google.com/amp/s/www.yna.co.kr/amp/view/AKR20260425042200002
https://www.google.com/amp/s/www.yna.co.kr/amp/view/AKR20260425038600002
https://www.prism.go.kr/homepage/asmt/popup/1051000-202500192
https://www.kdi.re.kr/research/focusView?pub_no=18631"
다시 떠오르는 한일 경제공동체 담론.txt,3585,22,<다시 떠오르는 한일 경제공동체 담론> https://www.youtube.com/watch?v=1zR_YPWeP14&t=1236s 1. 큰 폭으로 증가하는 한국-대만 1인당 소득 격차 4월 19일 IMF의 각국 1인당 GDP 비교 보고서에 난리난 한국 언론들 https://www.yna.co.kr/view/GYH20260419000400044?section=graphic/index 대만과의 격차가 점점 더 커지고 있고 이대로 가면 아예 못 따라잡는다며 다들 생난리를 치고 있는데 https://www.mk.co.kr/news/wor,"https://www.youtube.com/watch?v=1zR_YPWeP14&t=1236s
https://www.yna.co.kr/view/GYH20260419000400044?section=graphic/index
https://www.mk.co.kr/news/world/12020929
https://www.joongang.co.kr/article/25414275
https://www.youtube.com/watch?v=GGIlty8PSiM&pp=ygUT7IqI7Lm07JuU65OcIOu2ge2VnA%3D%3D"
"대주주요건 10억으로 확대, '2025 세제 개편안'.txt",2099,20,1. 새로운 정책 소개 ######2025년 세제 개편안 주요 내용##### https://www.yna.co.kr/view/GYH20250731001400044 새 정부 첫 세제개편안 발표…'진짜 성장 위한 공평·효율 세제' https://www.korea.kr/news/policyNewsView.do?newsId=148946924 2025년 세제개편안 발표 https://www.korea.kr/briefing/pressReleaseView.do?newsId=156701090&pageIndex=1&repCodeType=&repCo,"https://www.yna.co.kr/view/GYH20250731001400044
https://www.korea.kr/news/policyNewsView.do?newsId=148946924
https://www.korea.kr/briefing/pressReleaseView.do?newsId=156701090&pageIndex=1&repCodeType=&repCode=&startDate=2024-08-01&endDate=2025-08-01&srchWord=%EC%84%B8%EC%A0%9C&period=year
https://www.yna.co.kr/view/GYH20250731001500044?section=graphic/index
https://news.einfomax.co.kr/news/articleView.html?idxno=4367783"
모든 게시물 자동번역을 도입한 X.txt,1271,7,<모든 게시물 자동번역을 도입한 X> https://www.youtube.com/watch?v=KFb9otg0Acw&t=1131s 1. x 자동 번역 기능 추가 자동 번역 기능으로 드디어 바벨탑을 무너뜨린 머스크 그런데 생각보다 화제가 되지 못한 것이 일단 한국에서나 서구권에서나 x를 하는 비율이 전체 인구 대비 높지 않고 가장 중요한 것은 뭔가 x를 한다고 하면 이미지가 조금 좋지 않다 ㅠㅠ 반면 가장 뜨겁게 반응하는 시장이 있으니 바로 전국민의 절반 이상 특히 중년 세대 이하는 사실상 전부 다 x를 한다고 알려진 일본 https,"https://www.youtube.com/watch?v=KFb9otg0Acw&t=1131s
https://worldpopulationreview.com/country-rankings/twitter-users-by-country
https://www.japantimes.co.jp/commentary/2026/04/01/japan/japanese-x-now-americas-favorite/
https://www.asahi.com/ajw/articles/16492782
https://www.ibtimes.com.au/x-dominates-japan-75m-users-60-population-grok-auto-translate-merges-east-west-worlds-1865162"
무제 10.txt,1393,9,1. 이스라엘의 인도주의 도시 플랜이 트럼프를 제외한 서방 정치권에서도 제2의 아우슈비츠라며 엄청난 비판을 받는 가운데 https://www.middleeastmonitor.com/20250721-from-auschwitz-to-gazas-humanitarian-city/ 이스라엘에 대한 유럽인들의 지지는 최저치를 기록했고 https://yougov.co.uk/international/articles/52279-net-favourability-towards-israel-reaches-new-lows-in-key-western-eur,"https://www.middleeastmonitor.com/20250721-from-auschwitz-to-gazas-humanitarian-city/
https://yougov.co.uk/international/articles/52279-net-favourability-towards-israel-reaches-new-lows-in-key-western-european-countries
https://www.aa.com.tr/en/europe/majority-of-germans-now-hold-negative-view-of-israel-survey/3605776
https://www.lemonde.fr/en/international/article/2025/05/13/germans-opinion-of-israel-has-deteriorated_6741205_4.html
https://www.reuters.com/world/americas/gaza-war-testing-germanys-long-unconditional-commitment-israel-2025-05-28/"
무제 11.txt,1826,14,분명 근로시간이 대폭 줄고 있는데도 수면 부족은 여전한 한국인들 심지어 1999년부터 2019년까지 계속 늘어나던 수면 시간이 2024년 조사 때는 대폭 감소했다 이러한 현상의 최대 원인 중 하나는 급격히 늘어난 유튜브 OTT 시청 때문인 것으로 추정 잠 좀 자라고 근로 시간을 줄여줬더니 그 시간에 잠 안자고 유튜브를 보더라 역시 유튜브하기 좋은 나라 국내 디지털창작자 매체(크리에이터 미디어) 산업 매출 5조 원 달성 https://www.msit.go.kr/bbs/view.do?sCode=user&mId=307&mPid=208&b,"https://www.msit.go.kr/bbs/view.do?sCode=user&mId=307&mPid=208&bbsSeqNo=94&nttSeqNo=3185318
https://www.korea.kr/briefing/pressReleaseView.do?newsId=156700373&pWise=sub&pWiseSub=C3
https://www.korea.kr/briefing/policyBriefingView.do?newsId=156700368&pWise=sub&pWiseSub=C1
https://m.dongascience.com/news.php?idx=70866
https://www.weforum.org/stories/2019/04/which-countries-get-the-most-sleep-and-how-much-do-we-really-need/"
무제 13.txt,2996,28,1. 크게 증가한 외국인 노동력 생산가능인구 70% 아래로…외국인은 첫 200만명 돌파 https://www.joongang.co.kr/article/25355194 외국인 200만·노인 1000만 돌파… '인구 마이너스' 겨우 면했다 https://www.seoul.co.kr/news/society/2025/07/30/20250730002002 2024년 인구주택총조사 등록센서스 방식 결과 https://kostat.go.kr/board.es?mid=a10301010000&bid=203&act=view&list_no=437767,"https://www.joongang.co.kr/article/25355194
https://www.seoul.co.kr/news/society/2025/07/30/20250730002002
https://kostat.go.kr/board.es?mid=a10301010000&bid=203&act=view&list_no=437767
https://kostat.go.kr/board.es?mid=a10301010000&bid=11109&act=view&list_no=434229
https://www.korea.kr/briefing/pressReleaseView.do?newsId=156679432&pWise=sub&pWiseSub=C5#pressRelease"
무제 14.txt,2454,14,"<결국 돌고 돌아서 다시 전화기인가> 1. 현실이 된 컴공 졸업자들의 취업난 채용 그 자체가 목표인 슈카친구들은 열심히 채용을 늘리고 있지만 대다수의 한국 기업들이 고금리, 고환율, 경기 불안 등의 이유로 채용을 주저하는 가운데 https://www.lawissue.co.kr/view.php?ud=202604031833447355204ead0791_12 https://magazine.hankyung.com/business/article/202512242637b 미국 역시 20대 대졸 청년들의 취업난이 심각한 상황 https://ww","https://www.lawissue.co.kr/view.php?ud=202604031833447355204ead0791_12
https://magazine.hankyung.com/business/article/202512242637b
https://www.bloomberg.com/news/articles/2026-04-13/ai-and-a-frozen-job-market-leave-college-grads-underemployed?ref=biztoc.com
https://www.youtube.com/watch?v=MIVsk52BHkY
https://www.washingtonpost.com/business/2025/03/14/programming-jobs-lost-artificial-intelligence/"
무제 15.txt,2201,22,"삼성 파운드리 부활 신호탄 쐈다… 테슬라와 22조 초대형 계약 https://www.joongang.co.kr/article/25354752 테슬라 칩 거래, 삼성에 절실히 필요한 활력 제공 https://www.bloomberg.com/news/newsletters/2025-07-28/a-tesla-chip-deal-gives-samsung-a-much-needed-boost 삼성, 테슬라에 165억 달러 규모 다년 계약으로 AI 칩 공급 https://www.bloomberg.com/news/articles/2025-07-28/","https://www.joongang.co.kr/article/25354752
https://www.bloomberg.com/news/newsletters/2025-07-28/a-tesla-chip-deal-gives-samsung-a-much-needed-boost
https://www.bloomberg.com/news/articles/2025-07-28/samsung-bags-16-5-billion-deal-in-big-win-for-chipmaking-arm
https://www.bloomberg.com/news/articles/2025-07-30/samsung-s-big-tesla-order-fuels-recovery-bets-despite-chip-woes
https://dart.fss.or.kr/dsaf001/main.do?rcpNo=20250728800035"
무제 16.txt,886,6,<최후의 영포티 슈카가 말아주는 영포티 분석> 1. 고령화되는 슈카친구들 2026년 기준 어느덧 40대 구성원이 4명이나 된 슈카친구들 이 중 최고령을 자랑하는 슈카님께서는 내년이면 한국나이로 50 따라서 올해가 가장 40대 아재력이 충만한 해인데 게다가 슈카월드 역시 40대에게 사랑받는 채널임을 감안하면 https://www.gallup.co.kr/gallupdb/reportContent.asp?seqNo=1489 40대에 대한 이야기를 더 이상 미룰 수 없을 것 같다 2. 영포티는 슬픈 세대인가 개꿀 세대인가 마침 한국리서치에서,"https://www.gallup.co.kr/gallupdb/reportContent.asp?seqNo=1489
https://hrcopinion.co.kr/archives/36034
https://www.bok.or.kr/portal/bbs/P0002353/view.do?nttId=10097512&searchCnd=1&searchKwd=&depth2=201156&depth3=200433&depth=200433&pageUnit=10&pageIndex=1&programType=newsData&menuNo=200433&oldMenuNo=200433
https://hrcopinion.co.kr/archives/35787
https://hrcopinion.co.kr/archives/35659"
무제 17.txt,1967,19,트럼프 전세계 관세 https://truthsocial.com/@realDonaldTrump/posts/114942005076829557 트럼프 인도 관세 https://truthsocial.com/@realDonaldTrump/posts/114942106248731470 트럼프 SNS 한국 관세 1 https://truthsocial.com/@realDonaldTrump/posts/114943927434273211 트럼프 SNS 한국 관세 2 https://truthsocial.com/@realDonaldTrump/posts/11,"https://truthsocial.com/@realDonaldTrump/posts/114942005076829557
https://truthsocial.com/@realDonaldTrump/posts/114942106248731470
https://truthsocial.com/@realDonaldTrump/posts/114943927434273211
https://truthsocial.com/@realDonaldTrump/posts/114944494894008041
https://www.president.go.kr/newsroom/briefing/YmDgUn2J"
무제 2.txt,1917,16,"<숏폼 비판하던 슈카...숏폼에 미치다> 1. 최근 숏츠에 미친 슈카 근황 다른 채널들 숏츠가 대박난 것을 보고 숏츠 FOMO가 와서 다급히 직원들에게 숏츠용 재료를 뽑아오게 시킨 슈카님 2. 김성회 ""숏츠는 질병이다"" 하지만 슈카월드 숏츠 활성화를 추진하자마자 올라온 싸보 프렌즈 김성회의 숏츠 작심 비판 https://www.youtube.com/shorts/-ebfEldqXXY 과거 게임 질병화를 크게 비판했던 김성회였던만큼 뼈아픈 그의 배신 https://www.youtube.com/shorts/vNzoxFjnq7Y 3. 그렇","https://www.youtube.com/shorts/-ebfEldqXXY
https://www.youtube.com/shorts/vNzoxFjnq7Y
https://www.youtube.com/watch?v=9wNY8feTlOA
https://www.youtube.com/watch?v=2AYB32sGnbY
https://www.youtube.com/watch?v=ZDGihQR4vfY"
무제 24.txt,2706,32,"1. 그록의 머스크 VS GPT의 알트먼 ""그록이 훨씬 더 뛰어나고 인기도 많은데 왜 애플은 앱스토어에서 GPT만 밀어주는가"" 그록 찬양 1 https://x.com/elonmusk/status/1955019401024979392 그록 찬양 2 https://x.com/elonmusk/status/1955029797374992452 그록 찬양 3 (머스크가 리트윗한 게시글) https://x.com/cb_doge/status/1955050369693688095 애플 시비 1 https://x.com/elonmusk/status/19","https://x.com/elonmusk/status/1955019401024979392
https://x.com/elonmusk/status/1955029797374992452
https://x.com/cb_doge/status/1955050369693688095
https://x.com/elonmusk/status/1955046467993059530
https://x.com/elonmusk/status/1955069152638693481"
무제 27.txt,1276,8,<청년희망적금? 청년도약계좌? 청년미래적금?> 명칭이 너무 비슷해서 미리 정리하자면 문재인 시절 청년희망적금 -> 윤석열 시절 청년도약계좌 -> 이재명 시절 청년미래적금 1. 오늘 알아볼 것은 <청년미래적금> ###4월 23일 발표된 청년미래적금 출시 준비 점검회의 개최### https://www.fsc.go.kr/no010101/86767?srchCtgry=&curPage=&srchKey=&srchText=&srchBeginDt=&srchEndDt= 청년미래적금 관계기관 TF 킥오프 회의 개최 https://www.fsc.go.k,"https://www.fsc.go.kr/no010101/86767?srchCtgry=&curPage=&srchKey=&srchText=&srchBeginDt=&srchEndDt=
https://www.fsc.go.kr/no010101/85279?srchCtgry=&curPage=&srchKey=sj&srchText=%EC%B2%AD%EB%85%84&srchBeginDt=&srchEndDt=
https://www.youtube.com/watch?v=b4qPaU5KVz4
https://www.youtube.com/watch?v=8h5eWlvLT9g
https://www.fsc.go.kr/no010101/83298?srchCtgry=&curPage=&srchKey=sj&srchText=%EC%B2%AD%EB%85%84%EB%8F%84%EC%95%BD&srchBeginDt=&srchEndDt="
무제 28.txt,4098,26,1. 다시 수출계의 슈퍼 루키로 떠오른 선박 업계와 그렇지 못한 문제아 석유화학 업계의 근황 2025-08-01 2025년 7월 수출입 동향 https://www.motie.go.kr/kor/article/ATCL3f49a5a8c/170772/view?mno=&pageIndex=5&rowPageC=0&displayAuthor=&searchCategory=0&schClear=on&startDtD=&endDtD=&searchCondition=1&searchKeyword=# 2025-08-19 8월 품목별 수출 동향 및 리스크 점검 ht,"https://www.motie.go.kr/kor/article/ATCL3f49a5a8c/170772/view?mno=&pageIndex=5&rowPageC=0&displayAuthor=&searchCategory=0&schClear=on&startDtD=&endDtD=&searchCondition=1&searchKeyword=#
https://www.motie.go.kr/kor/article/ATCL3f49a5a8c/170820/view?mno=&pageIndex=1&rowPageC=0&displayAuthor=&searchCategory=0&schClear=on&startDtD=&endDtD=&searchCondition=1&searchKeyword=#
https://www.motie.go.kr/kor/article/ATCL3f49a5a8c/170803/view?mno=&pageIndex=2&rowPageC=0&displayAuthor=&searchCategory=0&schClear=on&startDtD=&endDtD=&searchCondition=1&searchKeyword=
https://www.motie.go.kr/kor/article/ATCL3f49a5a8c/170804/view?mno=&pageIndex=2&rowPageC=0&displayAuthor=&searchCategory=0&schClear=on&startDtD=&endDtD=&searchCondition=1&searchKeyword=
https://www.yna.co.kr/view/AKR20250808153500003?section=search"
무제 30.txt,3168,23,1. 트럼프 리스크까지 떠앉게 된 인텔 근황 올해 초 사측 역사상 최초로 외부 인사를 CEO로 데려오며 분위기 반전을 노렸지만 https://www.wsj.com/tech/intels-new-ceo-plots-turnaround-we-need-to-improve-b38212cc 2025년 상반기에도 적자를 이어가던 인텔 https://www.wsj.com/business/earnings/intel-earnings-q2-intc-stock-00bacf74 8월 7일 트럼프는 갑자기 인텔 CEO에게 사퇴 요구 https://truths,"https://www.wsj.com/tech/intels-new-ceo-plots-turnaround-we-need-to-improve-b38212cc
https://www.wsj.com/business/earnings/intel-earnings-q2-intc-stock-00bacf74
https://truthsocial.com/@realDonaldTrump/posts/114987288040725570
https://www.barrons.com/articles/intel-stock-price-trump-ceo-resign-77c06733?_gl=1*1bw277m*_gcl_au*NTM0NjI1NjEwLjE3NTU2NzY5NDU.*_ga*MTIyNjYyNjcxNS4xNzE1Nzg1MjI0*_ga_K2H7B9JRSS*czE3NTU2NzcwMjEkbzEkZzAkdDE3NTU2NzcwMjEkajYwJGwxJGgyNDM3MjM4MzI.
https://www.wsj.com/tech/trump-intel-ceo-lip-bu-tan-resign-china-ties-cotton-ce111513"
무제 33.txt,4623,19,1. 거품 싹 빠진 노보 노디스크 주가 근황 최근 온갖 이유로 실적에 먹구름이 끼며 주가가 도저히 헤어나오고 있지 못한 노보 노디스크 트럼프 행정부의 약값 인하 압박은 물론 https://www.youtube.com/watch?v=OeClLplZtGM&t=1s&pp=ygUd7IqI7Lm07JuU65OcIO2KuOufvO2UhCDslb3qsJI%3D https://www.youtube.com/watch?v=8q-xwhx-Wgs 일라이 릴리 등 경쟁사의 위협과 드디어 건강에 신경쓰기 시작한 미국인들의 비만율도 낮아지고 있으며 최근엔 중,"https://www.youtube.com/watch?v=OeClLplZtGM&t=1s&pp=ygUd7IqI7Lm07JuU65OcIO2KuOufvO2UhCDslb3qsJI%3D
https://www.youtube.com/watch?v=8q-xwhx-Wgs
https://www.nytimes.com/2026/03/19/health/ozempic-wegovy-generic-india-china-canada.html
https://data.worldobesity.org/publications/?cat=24
https://www.statista.com/chart/35918/prevalence-of-obesity-among-adult-and-obesity-related-mortality-by-country/"
무제 34.txt,3625,20,1. 슬슬 끝나가는 2025년 여름 한국 뿐만 아니라 전세계적으로 역대급 고온을 찍은 2025년 여름 https://www.yna.co.kr/view/GYH20250901001200044?section=graphic/index 수많은 사람들이 죽어나갔을정도로 힘든 여름이었지만 누군가에게는 즐거웠던 나날들 바로 서구권의 Z세대 태닝 러버들 2. 요즘 서구권에서 난리인 태닝 인기 최근 크게 급증한 서구권 태닝 러버들 물론 서구권의 태닝 인기는 상당히 오래된 이야기지만 지나친 태닝으로 인한 피부암 등 여러 부작용이 알려진 이후 인기가 조,"https://www.yna.co.kr/view/GYH20250901001200044?section=graphic/index
https://www.thetimes.com/life-style/fashion/article/feel-the-burn-ulrikas-tan-has-become-a-hot-topic-lfw555b0w?utm_source=chatgpt.com
https://www.theatlantic.com/health/archive/2025/07/tanning-sunburn-safety-maha-rfk/683608/
https://www.theguardian.com/commentisfree/2012/feb/19/history-of-tanning
https://www.yna.co.kr/view/AKR20250711155000004"
무제 36.txt,2449,18,<미국에는 왜 육아휴직이 없는가...육아휴직 따위 없어도 출산율 높은 미국 근황> 최근 들어 크게 증가한 한국의 남성 육아휴직 일본이나 유럽 지역의 높은 육아휴직 비율을 점점 쫓아가는 추세 하지만 유독 이러한 추세에서 아주 멀리 떨어진 한 나라 바로 법정 육아휴직 따위 아예 없는 미국 주제 : 미국은 왜 육아휴직이 없을까? ####설명#### 그리고 육아휴직 따위 없어도 주요 선진국 중 가장 높은 출산율을 자랑하는 미국 1. 최근 들어 크게 증가한 한국의 남성 육아휴직 2025년 상반기 육아휴직자 전년比 37% 늘어…男 비중 역대,"https://www.yna.co.kr/view/AKR20250723108900530
https://www.korea.kr/briefing/pressReleaseView.do?newsId=156705819&call_from=nate_news
https://www.yna.co.kr/view/GYH20250902000400044?section=graphic/index
https://www.joongang.co.kr/article/25357806
https://www.donga.com/news/Society/article/all/20250512/131581703/2"
무제 37.txt,1717,8,<캐나다 유럽설> 1. 요즘 뜨는 캐나다의 EU 가입 가능성 논의 최근 캐나다 총리가 EPC 회의에 참석하며 다시 한번 캐나다-유럽간 관계 강화가 주목받았는데 EPC 회의에 참석하는 최초의 비유럽 국가가 된 캐나다 근황 https://www.theguardian.com/world/2026/may/03/canada-first-non-european-nation-epc-summit-mark-carney-allies-trump 최근 미국 혼자서 전세계를 적으로 돌리고 있으니 캐나다도 점점 유럽에 더 많은 관심을 가지는 상황이고 실제로 유,"https://www.theguardian.com/world/2026/may/03/canada-first-non-european-nation-epc-summit-mark-carney-allies-trump
https://www.euronews.com/my-europe/2026/05/04/watch-the-28th-eu-member-why-canada-is-eyeing-a-closer-bond-with-brussels
https://www.cbc.ca/news/politics/alexander-stubb-finland-carney-meeting-9.7164014
https://yougov.com/articles/54662-should-canada-be-allowed-to-join-the-european-union
https://en.wikipedia.org/wiki/Canada%E2%80%93European_Union_relations#Opinion_Polling"
무제 39.txt,576,6,<코인은 어떻게 상속하는가> 요즘 크게 오른 비트코인 https://www.yna.co.kr/view/AKR20250812001200091 이를 노리고 코인 자산가들을 노리는 범죄 급증 https://biz.chosun.com/international/international_economy/2025/05/30/QTNAVUIYF5H3DIJPYBIV4BY6ZI/ 여기서 드는 궁금증...내가 죽으면 내 암호화폐는 어떻게 되나요? https://www.investopedia.com/what-happens-to-crypto-when-you-,"https://www.yna.co.kr/view/AKR20250812001200091
https://biz.chosun.com/international/international_economy/2025/05/30/QTNAVUIYF5H3DIJPYBIV4BY6ZI/
https://www.investopedia.com/what-happens-to-crypto-when-you-die-8721456
https://kr.cointelegraph.com/news/binance-will-function-crypto-inheritance
https://hrcopinion.co.kr/archives/33800"
무제 4.txt,2151,18,1) 가공식품 관련주의 위기 S&P 500이 사상 최고치를 기록하는 가운데 유독 상황이 좋지 않은 가공식품 관련주 https://www.ft.com/content/727cc4a8-cbb5-470e-83ed-e005289d1f13 그 대표 사례인 위기의 크래프트 하인즈...최대 원인은 가공 식품이 아닌 신선 식품을 찾는 소비자 취향 때문? https://www.wsj.com/business/deals/kraft-heinz-split-3e75294e?utm_source=chatgpt.com 2) 점점 현실로 다가오는 소비자 성향의 대전,"https://www.ft.com/content/727cc4a8-cbb5-470e-83ed-e005289d1f13
https://www.wsj.com/business/deals/kraft-heinz-split-3e75294e?utm_source=chatgpt.com
https://www.wsj.com/health/wellness/why-some-ultra-processed-foods-go-down-so-easily-so-fast-493d927b
https://www.wsj.com/health/wellness/ultra-processed-foods-dietary-guidelines-de00ccaa?mod=article_inline
https://www.wsj.com/politics/policy/rfk-jr-maha-commission-report-5c13696d?mod=article_inline"
무제 40.txt,493,6,"LG전자, 전사 차원 희망퇴직 소식에 주가 강세 https://www.yna.co.kr/view/AKR20250918062100008?section=search LG 전자 분기별 실적 https://www.lge.co.kr/company/investor/presentation 한국 TV가 어떻길래 희망퇴직까지 하나요? LG전자 구조조정 꼬리물기 https://www.thescoop.co.kr/news/articleView.html?idxno=307058 미국 TV 시장 반전…삼성·LG 위협하는 ‘월마트 TV’, 그 뒤에도 중국 ht","https://www.yna.co.kr/view/AKR20250918062100008?section=search
https://www.lge.co.kr/company/investor/presentation
https://www.thescoop.co.kr/news/articleView.html?idxno=307058
https://www.joongang.co.kr/article/25359831
https://www.mk.co.kr/news/busines오후"
무제 41.txt,823,7,여전히 혼란스러운 프랑스 예산 논쟁 근황 https://www.euronews.com/my-europe/2025/09/18/france-wakes-up-to-massive-protests-and-strikes-against-budget-cuts 그 와중에 나온 부유세 논란 https://www.wsj.com/world/europe/france-wealth-tax-fiscal-problems-a7ddbea4?mod=hp_lead_pos11 https://www.lemonde.fr/en/les-decodeurs/article/2025/,"https://www.euronews.com/my-europe/2025/09/18/france-wakes-up-to-massive-protests-and-strikes-against-budget-cuts
https://www.wsj.com/world/europe/france-wealth-tax-fiscal-problems-a7ddbea4?mod=hp_lead_pos11
https://www.lemonde.fr/en/les-decodeurs/article/2025/09/23/zucman-tax-what-the-proposed-wealth-tax-would-mean-for-france_6745653_8.html
https://www.ft.com/content/5e1fe51b-a167-4fc1-af08-e4aa0196b7cc
https://www.bloomberg.com/news/articles/2025-09-23/piketty-says-2-wealth-tax-is-absolute-minimum-for-france"
무제 43.txt,1039,8,"1. 경총 ""최저임금보다 실업급여가 더 높은데 일할 이유있겠나"" 경총, 「고용보험제도의 문제점과 개선방안」 발표 https://www.kefplaza.com/web/pages/gc79582b.do?mnuId=gc79582b&bbsId=0001&nttId=18979&bbsFlag=View&pageIndex=1&searchCnd=0&searchWrd= 2. 점점 고갈되는 실업급여 계정 “이렇게 쓰다간 곧 바닥난다”…실업급여 올해만 2330억 적자 예상 https://www.mk.co.kr/news/society/11387717 3. 고","https://www.kefplaza.com/web/pages/gc79582b.do?mnuId=gc79582b&bbsId=0001&nttId=18979&bbsFlag=View&pageIndex=1&searchCnd=0&searchWrd=
https://www.mk.co.kr/news/society/11387717
https://www.mohw.go.kr/board.es?mid=a10503010100&bid=0027&act=view&list_no=1487279&tag=&nPage=6
https://www.yna.co.kr/view/GYH20250828001100044?section=search
https://www.moef.go.kr/nw/nes/detailNesDtaView.do?searchBbsId=MOSFBBS_000000000028&menuNo=4010100&searchNttId=MOSF_000000000075147"
무제 5.txt,1607,4,<알카트라즈 감옥> 1. 알카트라즈 감옥이 부활한다? 최근 미국 2027 회계연도 예산안에 나온 2300억 규모의 알카트라즈 교도소 복원 계획 만약 다시 교도소로 운영되면 장장 60년 만에 재개장을 하게 되는 것인데 그동안 수많은 영화 드라마에서 죽음의 교도소로 악명을 쌓은만큼 사람들의 관심이 증폭되는 중 설마 알카트라즈 교도소를 처음 들어보신 분은 없으시겠죠? 대공황 시절 금주법을 어긴 알 카포네 일당을 집어넣은 것으로 유명한 알카트라즈 교도소 1960년대 초반 탈옥 사건이 벌어진 직후 현재까지 폐쇄된 상태 사실상 샌프란시스코 금,"https://www.youtube.com/watch?v=HzlB6Az-EB0&t=1076s&pp=ygVk7IqI7Lm07JuU65OcIOy5mOyXtO2VnCDsi6TrpqzsvZjrsLjrpqwg7Zek6rKM66qo64uIIOyghOyfgeqzvCDsnpTsnpTtlZwg7IOM7ZSE656A7Iuc7Iqk7L2UIOuwqeusuOq4sA%3D%3D
https://www.youtube.com/watch?v=IRPJ2vNlE2E&pp=ygUc7IqI7Lm07JuU65OcIOyXmOyCtOuwlOuPhOultA%3D%3D
https://www.youtube.com/watch?v=5Ytz3KDRUz0&pp=ygUc7IqI7Lm07JuU65OcIOyXmOyCtOuwlOuPhOultA%3D%3D
https://www.youtube.com/watch?v=N6ID_2J9rBg&pp=ygUU7IqI7Lm07JuU65OcIOu2ge2VnCA%3D"
무제 7.txt,503,0,1. 2025년 6월 한국인이 가장 많이 사용하는 AI 챗봇은 ChatGPT가 아닌 제타 제타가 뭔데??? 영국의 AI 기반 학습 기술 회사인 필터드닷컴이 지난 3월 발표한 ‘2025년 톱 100 생성형 AI 활용 사례 보고서’에 따르면 생성형 AI를 가장 많이 쓰는 분야는 ‘심리 상담 및 감정적 동반자’였다. 2. 이처럼 어느덧 사람들의 주요 심리 상담사가 된 AI 챗봇 사실 그도 그럴 것이 인간 심리 상담사는 일단 겁나 비싸고 또 누군가에게 자신의 내밀한 이야기를 한다는 것이 쉽지 않다 반면 AI는 인간이 아니라서 오히려 더 편,
민원 우려로 축구도 금지된 요즘 학교.txt,4903,39,"<신문고의 나라> https://www.youtube.com/watch?v=mV8RHxfe2xU&t=219s 1. 아무것도 안하는 한국 학교들 근황 최근 화제가 된 방과 후 축구 금지 천하람 의원피셜 (전국 초등학교 축구·야구 등 스포츠 활동 금지 현황) https://www.youtube.com/watch?v=dpkv9yAI5Po 전국 300여 개의 초등학교가 운동장에서 축구를 금지하고 있으며 정규 교과 시간 외 쉬는 시간이나 점심시간, 방과 후를 이용해 친구들끼리 축구 또는 야구를 하고 싶어도 하지 못한다는 것인데 온갖 종류의","https://www.youtube.com/watch?v=mV8RHxfe2xU&t=219s
https://www.youtube.com/watch?v=dpkv9yAI5Po
https://www.seoul.co.kr/news/society/2026/04/21/20260421500134
https://www.khan.co.kr/article/202507300600121
https://news.ebs.co.kr/ebsnews/allView/60702791/N"
"백인 우월주의인가, 단순한 광고인가?.txt",3955,29,"1. 시드니 스위니 Jean 논란 1분기 영업손실 6,800만 달러를 기록한 아메리칸 이글 https://www.adweek.com/commerce/american-eagle-hopes-sydney-sweeneys-good-genes-will-help-it-sell-more-jeans/ 위기의 아메리칸 이글...""시드니 진""으로 승부수를 던지다 https://www.reuters.com/business/media-telecom/great-jeans-sydney-sweeney-campaign-fuels-american-eagle-ra","https://www.adweek.com/commerce/american-eagle-hopes-sydney-sweeneys-good-genes-will-help-it-sell-more-jeans/
https://www.reuters.com/business/media-telecom/great-jeans-sydney-sweeney-campaign-fuels-american-eagle-rally-2025-07-24/
https://www.youtube.com/watch?v=AK8s3iqL99c
https://www.businessinsider.com/american-eagle-response-sydney-sweeney-good-jeans-ad-controversy-2025-8
https://www.yahoo.com/entertainment/articles/gabby-windey-reacts-sydney-sweeney-185437467.html?utm_source=chatgpt.com"
세계에서 가장 AI에 진심인 나라.txt,1964,18,<AI짤에 미친 나라> 1. 이제는 정말 구분이 불가능해진 AI 사진 근황 최근 엄청난 화제가 된 야구장 배경 AI 사진 https://www.yna.co.kr/view/AKR20260504079100011?section=search 레딧에서도 다들 난리 https://www.reddit.com/r/GetNoted/comments/1t2ok6p/not_an_average_korean_woman/ 늑구 탈출 당시에도 모두가 속았던 AI 사진 https://www.yna.co.kr/view/AKR20260424077100063?sect,"https://www.yna.co.kr/view/AKR20260504079100011?section=search
https://www.reddit.com/r/GetNoted/comments/1t2ok6p/not_an_average_korean_woman/
https://www.yna.co.kr/view/AKR20260424077100063?section=search
https://www.wikitree.co.kr/articles/1133750
https://www.chosun.com/economy/tech_it/2026/04/20/V3YZQJKC2ZFJDI3SVBX6RQNTOI/"
세상에 공짜 점심은 없다..txt,2940,21,"1. 최근 복지제도가 지속불가능하다고 말해버린 독일 총리 독일 총리 ""독일식 복지국가는 더 이상 재정적으로 지속 불가능하다"" https://www.dw.com/en/german-welfare-state-can-no-longer-be-financed-merz/a-73742270 독일식 복지모델은 종말에 다다랐다 https://europeanconservative.com/articles/analysis/germanys-welfare-model-has-reached-the-end-of-the-road/ 독일의 메르츠가 경제를 되살릴 수","https://www.dw.com/en/german-welfare-state-can-no-longer-be-financed-merz/a-73742270
https://europeanconservative.com/articles/analysis/germanys-welfare-model-has-reached-the-end-of-the-road/
https://www.wsj.com/world/europe/can-germanys-merz-revive-the-economy-voters-are-running-out-of-patience-651902fc
https://www.bloomberg.com/news/articles/2025-08-22/german-economy-shrank-more-than-estimated-in-second-quarter
https://www.telegraph.co.uk/world-news/2025/08/24/friedrich-merz-germany-welfare-state-benefits-unsustainable/"
"소득은 높지만, 부자가 될 수는 없다..txt",3992,27,<고소득 흙수저는 적폐 세력인가> 1. 다시 보는 OBBBA 법안과 그 최대 수혜자 트럼프 취임 이후 현재까지 진행된 수많은 법안과 행정명령들 https://www.wsj.com/politics/policy/donald-trump-tracker-executive-orders-tariffs-list-a30c92e2?mod=hp_lista_pos3 각 분야별로 너무나 많아서 어떤 것이 제일 중요한 것인지도 잘 모르겠지만 미국 국내 경제에 가장 큰 영향을 미칠 내용은 단언코 7월 초 확정된 OBBBA 법안 https://www.wsj.c,"https://www.wsj.com/politics/policy/donald-trump-tracker-executive-orders-tariffs-list-a30c92e2?mod=hp_lista_pos3
https://www.wsj.com/politics/policy/trump-signs-big-beautiful-bill-into-law-302edba6?mod=trump-actions-tracker
https://www.youtube.com/watch?v=vi_UmUyZwkE
https://www.investopedia.com/taxes/trumps-tax-reform-plan-explained/
https://taxfoundation.org/data/all/federal/obbba-average-tax-cuts-impact-map/"
스페이스X의 시가총액은 얼마가 적절할까?.txt,2551,14,<스페이스X의 시가총액은 얼마가 적절할까?> https://www.youtube.com/watch?v=FP_zaF6QJdw&t=511s 1. 점점 구체화되는 테라팹 플랜 https://www.wsj.com/tech/tesla-spacex-plan-to-build-new-chip-factory-in-texas-4dfb9a46 최근 더 많은 칩이 필요하다며 미국에 초대형 반도체 공장 즉 테라팹 운영 계획을 밝힌 머스크 또한 테라팹 운영을 위해 전세계 반도체 인재들을 모을 것이라는데 기본급 최소 2억에 성과급 + 스톡옵션까지 거론되는 상,"https://www.youtube.com/watch?v=FP_zaF6QJdw&t=511s
https://www.wsj.com/tech/tesla-spacex-plan-to-build-new-chip-factory-in-texas-4dfb9a46
https://www.businessinsider.com/tesla-spacex-terafab-hiring-elon-musk-chip-salaries-texas-california-2026-3
https://www.mstoday.co.kr/news/articleView.html?idxno=100609
https://www.mk.co.kr/news/business/12010384"
약 4만명이 모인 삼성전자 총파업 결의대회.txt,917,11,"<삼전 노조 총파업 D-25(슈월 라이브 기준)> https://www.youtube.com/watch?v=c9yU5WJPL8E 1. 관세 비용 탓에 아쉬운 현대차 실적 https://www.hyundai.com/worldwide/ko/company/ir 2. 반면 역대급인 SK 하이닉스 실적에 덩달아 커지는 성과급 기대감 https://www.skhynix.com/ir/UI-FR-IR01/ SK하이닉스, 성과급 올해는 6억원?…주주환원 기대도 더 커져 https://www.yna.co.kr/view/AKR20260423069000","https://www.youtube.com/watch?v=c9yU5WJPL8E
https://www.hyundai.com/worldwide/ko/company/ir
https://www.skhynix.com/ir/UI-FR-IR01/
https://www.yna.co.kr/view/AKR20260423069000003
https://samsunglabor.co.kr/bbs/board.php?bo_table=bodo"
죽은 기업도 살리는 '반도체 붐'.txt,776,2,<CPU 수요 대폭발에 이은 인텔의 부활...손회장은 죽지 않았는가> 나스닥 AI 관련 테크주들이 계속해서 쏘는 가운데 가장 화제가 된 인텔의 부활 4월 24일 실적 발표부터 미친듯이 오르더니 26년간의 기다림 끝에 새로운 최고점을 경신했다 트럼프 역시 인텔의 부활을 축하하며 화제 https://x.com/TrumpDailyPosts/status/2049632241979175373 인텔의 부활을 주도한 수많은 배경 중 최근 가장 주목받는 것은 바로 CPU 수요 대폭발 몇년전부터 다들 GPU에서 CPU로 넘어간다며 호들갑이었는데 이제,"https://x.com/TrumpDailyPosts/status/2049632241979175373
https://www.aitimes.com/news/articleView.html?idxno=210023"
중국 돼지고기 가격 폭락의 비밀.txt,1997,8,"<중국 돼지 아파트> https://www.youtube.com/watch?v=3GJDaEmhq-M&t=1s 1. 식당 삼겹살 1인분 2만원 시대 최근 전쟁 등 벌써부터 외부 이슈가 선반영되었는지 한국도 수많은 외식 물가가 일제히 치솟는 가운데 한때 대표적인 ""서민 음식""이었던 삼겹살은 200g에 2만원을 돌파한 상황 그래서인지 요즘 슈카친구들 직원들이 원하는 회식은 법카로 삼겹살 한번 먹어보는 것 2. 반면 한국과는 완전 반대의 고민이 생긴 중국 최근 한국이 미쳐버린 돼지고기 가격으로 신음하는 상황이지만 정작 중국은 돼지고기 가격","https://www.youtube.com/watch?v=3GJDaEmhq-M&t=1s
https://www.youtube.com/watch?v=Ue9EkFuXBCc
https://www.scmp.com/economy/china-economy/article/3348920/china-boost-frozen-pork-reserves-hog-prices-tumble-multi-year-troughs
https://www.bloomberg.com/news/articles/2026-03-23/chinese-pig-prices-hit-15-year-low-as-war-costs-worsen-margins
https://www.ft.com/content/4069c701-4a09-4a99-96bb-ee6f53592c0f?syn-25a6b1a6=1"
침팬지들은 왜 어제의 동료를 죽였을까.txt,1537,4,"<침팬지 내전> https://www.youtube.com/watch?v=5oKUsCNKCdg&t=40s https://www.science.org/content/podcast/chimpanzee-civil-war-and-nasa-plans-nuclear-propulsion https://www.science.org/doi/10.1126/science.aeg6719 https://www.science.org/doi/10.1126/science.adz4944 최근 사이언스지에 올라와 화제가 된 침팬지 내전 ""내전""이라고 표기한 이유는","https://www.youtube.com/watch?v=5oKUsCNKCdg&t=40s
https://www.science.org/content/podcast/chimpanzee-civil-war-and-nasa-plans-nuclear-propulsion
https://www.science.org/doi/10.1126/science.aeg6719
https://www.science.org/doi/10.1126/science.adz4944"
"트럼프 ""관세 환급 신청하지 않으면 내 편"".txt",2458,13,<관세 돌려주세요> https://www.youtube.com/watch?v=NuPa3gcdn1c 1. 현대차의 눈물 이번 1분기 실적 발표 당시 관세 때문에 손실이 컸다는 현재차 https://www.hyundaimotorgroup.com/ko/news/CONT0000000000209808 위례신도시에 대규모 연구 시설을 세워 극복하겠다고 말했지만 아직까지 주가에 큰 힘이 되지 못하는 상황 그런데 막상 GM은 1분기 실적 발표 때 관세 환급 금액까지 실적에 포함시켜 주가 폭등 https://news.gm.com/home.detai,"https://www.youtube.com/watch?v=NuPa3gcdn1c
https://www.hyundaimotorgroup.com/ko/news/CONT0000000000209808
https://news.gm.com/home.detail.html/Pages/news/us/en/2026/apr/0428-GM-letter-shareholders-Q1-2026.html
https://www.youtube.com/watch?v=6WewapLJ3iw&t=758s
https://www.reuters.com/legal/government/trump-says-he-will-remember-companies-that-dont-seek-tariff-refunds-2026-04-21/"
티라노사우루스의 비밀.txt,2865,9,<티라노사우루스가 인기 많은 진짜 이유> https://www.youtube.com/watch?v=n7Z2vUJDgPU&t=29s 1. 티라노는 왜 항상 공룡 인기투표 1위일까 미국인들을 대상으로 공룡 관련 설문조사를 해보면 재밌는 결과들이 많이 나오는데 ex 공룡과 인간은 공존했다 40% 등 가장 흥미로운 것은 언제 어디서나 공룡 인기투표 1위를 달리는 티라노 여기서 드는 궁금증...우리는 왜 티라노를 좋아할까? 아니 티라노보다 더 강력하거나 더 귀여운 다른 공룡들도 무지하게 많은데 왜 하필 티라노가 인기투표 1위일까 그 답을 찾,"https://www.youtube.com/watch?v=n7Z2vUJDgPU&t=29s
https://yougov.com/en-us/articles/54548-many-americans-dont-have-a-favorite-dinosaur
https://yougov.com/en-us/articles/12615-jurassic-world
https://www.nationalgeographic.com/animals/facts/tyrannosaurus-rex
https://www.theguardian.com/science/2009/feb/08/tyrannosaurus-rex-most-popular-dinosaur"
